gene,p,fdr
H3F3A,0.00127317419854283,0.00381952259562849
HIST1H4C,0.00633875894485427,0.00950813841728141
SOD1,1,1
